Conditions_mapped_concept_id,Conditions_mapped_official_concept,Phecode Category,PhecodeString
C0007097,Carcinoma,195,"Cancer, suspected or other"
C0021359,Infertility,626,Disorders of menstruation and other abnormal bleeding from female genital tract
C0021359,Infertility,609,Male infertility and abnormal spermatozoa
C0021359,Infertility,136,Other infectious and parasitic diseases
C0007766,Intracranial Aneurysm,433,Cerebrovascular disease
C0549401,Difficult tracheal intubation (finding),1011,Complications of surgical and medical procedures
C0019559,Hip joint pain,745,Pain in joint
C2937358,Cerebral Hemorrhage,665,Obstetrical/birth trauma
C2937358,Cerebral Hemorrhage,430,Intracranial hemorrhage
C0017178,Gastrointestinal Diseases,569,Other disorders of intestine
C0017178,Gastrointestinal Diseases,656,Other perinatal conditions of fetus or newborn
C0014859,Esophageal Neoplasms,158,Neoplasm of unspecified nature of digestive system
C0011884,Diabetic Retinopathy,250,Diabetes mellitus
C0042798,Low Vision,368,Visual disturbances
C0042798,Low Vision,367,Disorders of refraction and accommodation; blindness and low vision
C0018824,Heart valve disease,420,Carditis
C0007194,Hypertrophic Cardiomyopathy,425,Cardiomyopathy
C0004238,Atrial Fibrillation,427,Cardiac dysrhythmias
C0037284,Skin lesion,689,Disorder of skin and subcutaneous tissue NOS
C0037284,Skin lesion,656,Other perinatal conditions of fetus or newborn
C0005695,Bladder Neoplasm,189,Cancer of urinary organs (incl. kidney and bladder)
C0017185,Gastrointestinal Neoplasms,158,Neoplasm of unspecified nature of digestive system
C3698411,Asymptomatic left ventricular systolic dysfunction,414,Other forms of chronic heart disease
C3698411,Asymptomatic left ventricular systolic dysfunction,428,Congestive heart failure; nonhypertensive
C0948089,Acute Coronary Syndrome,411,Ischemic Heart Disease
C0001430,Adenoma,229,Benign neoplasm of unspecified sites
C5568086,Disorder caused by ureteric stent,857,"Mechanical complication of unspecified genitourinary device, implant, and graft"
C0949059,Polyp of large intestine,208,Benign neoplasm of colon
C0009375,Colonic Neoplasms,158,Neoplasm of unspecified nature of digestive system
C0009404,Colorectal Neoplasms,158,Neoplasm of unspecified nature of digestive system
C0034079,Nodule of lung,514,Abnormal findings examination of lungs
C0034079,Nodule of lung,510,Other diseases of lung
C0876994,Cardiotoxicity,414,Other forms of chronic heart disease
C0017638,Glioma,191,Manlignant and unknown neoplasms of brain and nervous system
C0037274,Dermatologic disorders,689,Disorder of skin and subcutaneous tissue NOS
C0037274,Dermatologic disorders,656,Other perinatal conditions of fetus or newborn
C1290379,Acute disease of cardiovascular system,656,Other perinatal conditions of fetus or newborn
C1290379,Acute disease of cardiovascular system,459,Other disorders of circulatory system
C0457504,Anticoagulant-induced bleeding,286,Coagulation defects
C0457504,Anticoagulant-induced bleeding,459,Other disorders of circulatory system
C0007222,Cardiovascular Diseases,429,Ill-defined descriptions and complications of heart disease
C0242231,Coronary Stenosis,747,Cardiac and circulatory congenital anomalies
C0242231,Coronary Stenosis,411,Ischemic Heart Disease
C0242231,Coronary Stenosis,854,"Complications of cardiac/vascular device, implant, and graft"
C0007114,Malignant neoplasm of skin,172,Skin cancer
C0242354,Congenital Disorders,759,Other and unspecified congenital anomalies
C0341268,Disorder of small intestine,569,Other disorders of intestine
C0007873,Uterine Cervical Neoplasm,184,Cancer of other female genital organs
C0007873,Uterine Cervical Neoplasm,199,Neoplasm of uncertain behavior
C0007873,Uterine Cervical Neoplasm,619,Noninflammatory female genital disorders
C0024694,Mandibular Neoplasms,199,Neoplasm of uncertain behavior
C3698407,Peri-implant mucositis,851,Complications of transplants and reattached limbs
C3697648,Bimaxillary protrusion,524,"Dentofacial anomalies, including malocclusion"
C1290309,Neoplasm of chest wall,199,Neoplasm of uncertain behavior
C0264716,Chronic heart failure,428,Congestive heart failure; nonhypertensive
C0235974,Pancreatic carcinoma,157,Pancreatic cancer
C0235974,Pancreatic carcinoma,159,Malignant neoplasm of other and ill-defined sites within the digestive organs and peritoneum
C0011389,Dental Plaque,523,Gingival and periodontal diseases
C0341439,Chronic liver disease,573,Other disorders of liver
C0027439,Nasopharyngeal Neoplasms,199,Neoplasm of uncertain behavior
C0027439,Nasopharyngeal Neoplasms,158,Neoplasm of unspecified nature of digestive system
C0015934,Fetal Growth Retardation,637,Short gestation; low birth weight; and fetal growth retardation
C0015934,Fetal Growth Retardation,655,Known or suspected fetal abnormality affecting management of mother
C0151699,Intracranial Hemorrhage,430,Intracranial hemorrhage
C0151699,Intracranial Hemorrhage,665,Obstetrical/birth trauma
C1458155,Mammary Neoplasms,174,Breast cancer
C1867743,Premature coronary artery disease,411,Ischemic Heart Disease
C1303258,Acute ST segment elevation myocardial infarction (disorder),411,Ischemic Heart Disease
C0038941,Surgical Wound Infection,674,Other complications of the puerperium NEC
C0038941,Surgical Wound Infection,041,Bacterial infection NOS
C0038941,Surgical Wound Infection,080,Postoperative infection
C0038941,Surgical Wound Infection,657,Infections specific to the perinatal period
C0038941,Surgical Wound Infection,136,Other infectious and parasitic diseases
C0038941,Surgical Wound Infection,851,Complications of transplants and reattached limbs
C0079377,Frail Elderly,290,Delirium dementia and amnestic and other cognitive disorders
C0080179,Spinal Fractures,665,Obstetrical/birth trauma
C1302401,Adenoma of large intestine,208,Benign neoplasm of colon
C0150055,Chronic pain,338,Pain
C0025202,melanoma,172,Skin cancer
C0040137,Thyroid Nodule,241,Nontoxic nodular goiter
C0038356,Stomach Neoplasms,158,Neoplasm of unspecified nature of digestive system
C0561852,Bone injury,1009,"Injury, NOS"
C0017563,Gingival Diseases,523,Gingival and periodontal diseases
C0006118,Brain Neoplasms,191,Manlignant and unknown neoplasms of brain and nervous system
C0338656,Impaired cognition,292,Neurological disorders
C0242786,High-Risk Pregnancy,634,Miscarriage; stillbirth
C0242786,High-Risk Pregnancy,638,Other high-risk pregnancy
C0007131,Non-Small Cell Lung Carcinoma,165,Cancer within the respiratory system
C0017187,Gastrointestinal problem,561,Symptoms involving digestive system
C0017187,Gastrointestinal problem,569,Other disorders of intestine
C0017187,Gastrointestinal problem,656,Other perinatal conditions of fetus or newborn
C0025061,Mediastinal Diseases,479,Other upper respiratory disease
C0278996,Malignant Head and Neck Neoplasm,195,"Cancer, suspected or other"
C0040332,Tobacco Dependence,318,Tobacco use disorder
C0020443,Hypercholesterolemia,272,Disorders of lipoid metabolism
C0022744,Knee Injuries,1009,"Injury, NOS"
C0021167,Incontinence,599,Other symptoms/disorders or the urinary system
C4076304,Dental plaque induced gingivitis,523,Gingival and periodontal diseases
C1285391,Obesity associated disorder,278,"Overweight, obesity and other hyperalimentation"
C1285391,Obesity associated disorder,450,Noninfectious disorders of lymphatic channels
C1285391,Obesity associated disorder,649,"Other conditions or status of the mother complicating pregnancy, childbirth, or the puerperium"
C1285391,Obesity associated disorder,415,Pulmonary heart disease
C1285391,Obesity associated disorder,655,Known or suspected fetal abnormality affecting management of mother
C1285391,Obesity associated disorder,1010,Other tests
C0266061,Open Bite,524,"Dentofacial anomalies, including malocclusion"
C0266061,Open Bite,526,Diseases of the jaws
C0266061,Open Bite,378,Strabismus and other disorders of binocular eye movements
C0151786,Muscle Weakness,772,Symptoms of the muscles
C0038354,Stomach Diseases,537,Other disorders of stomach and duodenum
C1561613,Complete edentulism,525,Other diseases of the teeth and supporting structures
C0021296,"Infant, Small for Gestational Age",637,Short gestation; low birth weight; and fetal growth retardation
C1290384,Structural disorder of heart,747,Cardiac and circulatory congenital anomalies
C1290384,Structural disorder of heart,414,Other forms of chronic heart disease
C0521540,Brain stem hemorrhage,665,Obstetrical/birth trauma
C0521540,Brain stem hemorrhage,430,Intracranial hemorrhage
C5546524,Hepatic failure following surgical procedure,569,Other disorders of intestine
C0008679,Chronic disease,1019,Other ill-defined and unknown causes of morbidity and mortality
C0162871,"Aortic Aneurysm, Abdominal",442,Other aneurysm
C0857112,Bilateral glaucoma,365,Glaucoma
C0857112,Bilateral glaucoma,753,Congenital anomalies of the eye
C0032285,Pneumonia,480,Pneumonia
C0002382,Alveolar Bone Loss,524,"Dentofacial anomalies, including malocclusion"
C0002382,Alveolar Bone Loss,523,Gingival and periodontal diseases
C0002382,Alveolar Bone Loss,525,Other diseases of the teeth and supporting structures
C0002382,Alveolar Bone Loss,759,Other and unspecified congenital anomalies
C0002382,Alveolar Bone Loss,691,Congenital anomalies of skin
C0009442,Common Bile Duct Neoplasms,199,Neoplasm of uncertain behavior
C0009442,Common Bile Duct Neoplasms,158,Neoplasm of unspecified nature of digestive system
C0337210,"Gait, Stumbling",350,Abnormal movement
C0152013,Adenocarcinoma of lung (disorder),198,Secondary malignant neoplasm
C0152013,Adenocarcinoma of lung (disorder),165,Cancer within the respiratory system
C0085136,Central Nervous System Neoplasms,199,Neoplasm of uncertain behavior
C0268407,Senile cardiac amyloidosis,270,Disorders of protein plasma/amino-acid transport and metabolism
C0032300,Lobar Pneumonia,480,Pneumonia
C0472377,Basal Ganglia Hemorrhage,430,Intracranial hemorrhage
C0242698,"Ventricular Dysfunction, Left",429,Ill-defined descriptions and complications of heart disease
C0242698,"Ventricular Dysfunction, Left",428,Congestive heart failure; nonhypertensive
C0948008,Ischemic stroke,433,Cerebrovascular disease
C0948008,Ischemic stroke,348,Other conditions of brain
C1335302,Pancreatic Ductal Adenocarcinoma,198,Secondary malignant neoplasm
C1335302,Pancreatic Ductal Adenocarcinoma,195,"Cancer, suspected or other"
C1335302,Pancreatic Ductal Adenocarcinoma,159,Malignant neoplasm of other and ill-defined sites within the digestive organs and peritoneum
C1335302,Pancreatic Ductal Adenocarcinoma,157,Pancreatic cancer
C0021818,Intervertebral Disk Displacement,742,"Derangement of joint, non-traumatic"
C0021818,Intervertebral Disk Displacement,722,Intervertebral disc disorders
C5685962,Perinatal infection of fetus and/or neonate,657,Infections specific to the perinatal period
C5685962,Perinatal infection of fetus and/or neonate,041,Bacterial infection NOS
C5685962,Perinatal infection of fetus and/or neonate,686,Other local infections of skin and subcutaneous tissue
C0033578,Prostatic Neoplasms,199,Neoplasm of uncertain behavior
C0033578,Prostatic Neoplasms,187,Cancer of other male genital organs
C0151449,Primary Sjögren's syndrome,709,Diffuse diseases of connective tissue
C0850666,Infection caused by Helicobacter pylori,531,Peptic ulcer (excl. esophageal)
C0850666,Infection caused by Helicobacter pylori,281,Other deficiency anemia
C0850666,Infection caused by Helicobacter pylori,535,Gastritis and duodenitis
C0850666,Infection caused by Helicobacter pylori,041,Bacterial infection NOS
C0850666,Infection caused by Helicobacter pylori,499,Cystic fibrosis
C0850666,Infection caused by Helicobacter pylori,008,Intestinal infection
C1696708,Prehypertension,402,Elevated blood pressure reading without diagnosis of hypertension
C0267548,Ileocolic intussusception,560,Intestinal obstruction without mention of hernia
C0033975,Psychotic Disorders,295,Schizophrenia and other psychotic disorders
C0746935,Medication Nonadherence,1010,Other tests
C0021390,Inflammatory Bowel Diseases,558,Noninfectious gastroenteritis
C0343641,Human papilloma virus infection,078,Viral warts & HPV
C1336527,Non-Muscle Invasive Bladder Neoplasms,189,Cancer of urinary organs (incl. kidney and bladder)
C1277187,Left ventricular systolic dysfunction,428,Congestive heart failure; nonhypertensive
C1277187,Left ventricular systolic dysfunction,414,Other forms of chronic heart disease
C0687133,Drug Interactions,1011,Complications of surgical and medical procedures
C0009373,Colonic Diseases,569,Other disorders of intestine
C0085380,Dental Anxiety,300,"Anxiety, phobic and dissociative disorders"
C0085380,Dental Anxiety,300,Anxiety disorders
C3251826,Malnutrition (calorie),569,Other disorders of intestine
C3251826,Malnutrition (calorie),649,"Other conditions or status of the mother complicating pregnancy, childbirth, or the puerperium"
C3251826,Malnutrition (calorie),260,Protein-calorie malnutrition
C1333990,Hereditary Nonpolyposis Colorectal Cancer,153,Colorectal cancer
C1333990,Hereditary Nonpolyposis Colorectal Cancer,191,Manlignant and unknown neoplasms of brain and nervous system
C0948268,Hemodynamic instability,414,Other forms of chronic heart disease
C0206139,"Lichen Planus, Oral",695,Erythematous conditions
C2931822,Nasopharyngeal carcinoma,149,"Cancer of larynx, pharynx, nasal cavities"
C2931822,Nasopharyngeal carcinoma,145,Cancer of mouth
C0410528,Skeletal dysplasia,759,Other and unspecified congenital anomalies
C0410528,Skeletal dysplasia,756,Other congenital musculoskeletal anomalies
C5770073,Primary HER2-positive gastric cancer,151,Cancer of stomach
C0007784,Cerebral hemisphere hemorrhage,665,Obstetrical/birth trauma
C0007784,Cerebral hemisphere hemorrhage,430,Intracranial hemorrhage
C1299451,Patient post angioplasty,429,Ill-defined descriptions and complications of heart disease
C1299451,Patient post angioplasty,411,Ischemic Heart Disease
C0007134,Renal Cell Carcinoma,189,Cancer of urinary organs (incl. kidney and bladder)
C0007134,Renal Cell Carcinoma,198,Secondary malignant neoplasm
C0278701,Gastric Adenocarcinoma,151,Cancer of stomach
C1290859,Disorder of shoulder,741,Symptoms and disorders of the joints
C0877149,Patellofemoral Pain Syndrome,741,Symptoms and disorders of the joints
C0853879,Invasive carcinoma of breast,174,Breast cancer
C0267111,Gastric dysplasia,537,Other disorders of stomach and duodenum
C0267111,Gastric dysplasia,750,Digestive congenital anomalies
C0400967,Liver transplant disorder,573,Other disorders of liver
C0400967,Liver transplant disorder,851,Complications of transplants and reattached limbs
C2585409,Seen in community pediatric clinic,1010,Other tests
C0474416,Disruptive Behavior,312,Conduct disorders
C0474416,Disruptive Behavior,292,Neurological disorders
C0474416,Disruptive Behavior,348,Other conditions of brain
C1997375,Dependence on dialysis due to end stage renal disease,585,Renal failure
C0264235,Disorder of maxillary sinus,479,Other upper respiratory disease
C0553573,Primary infertility,626,Disorders of menstruation and other abnormal bleeding from female genital tract
C0553573,Primary infertility,609,Male infertility and abnormal spermatozoa
C0003507,Aortic Valve Stenosis,395,Heart valve disorders
C0007112,Adenocarcinoma of prostate,185,Cancer of prostate
C0007112,Adenocarcinoma of prostate,195,"Cancer, suspected or other"
C0007112,Adenocarcinoma of prostate,198,Secondary malignant neoplasm
C0521530,Lung consolidation,514,Abnormal findings examination of lungs
C0521530,Lung consolidation,480,Pneumonia
C0009438,Common Bile Duct Calculi,574,Cholelithiasis and cholecystitis
C0026857,Musculoskeletal Diseases,729,Other disorders of soft tissues
C0026857,Musculoskeletal Diseases,738,Other acquired musculoskeletal deformity
C0392008,Complication of anesthesia,646,Other complications of pregnancy NEC
C0392008,Complication of anesthesia,668,Complications of the administration of anesthetic or other sedation in labor and delivery
C0392008,Complication of anesthesia,1011,Complications of surgical and medical procedures
C4517362,Hypotension during surgery,458,Hypotension
C4517362,Hypotension during surgery,429,Ill-defined descriptions and complications of heart disease
C1279386,Postoperative pneumonia,519,"Other diseases of respiratory system, not elsewhere classified"
C1279386,Postoperative pneumonia,501,Pneumonitis due to inhalation of food or vomitus
C1279386,Postoperative pneumonia,480,Pneumonia
C0679086,Intellectualization,292,Neurological disorders
C1510431,Superficial Thrombophlebitis,451,Phlebitis and thrombophlebitis
C0032979,"Pregnancy Trimester, First",1010,Other tests
C0032979,"Pregnancy Trimester, First",656,Other perinatal conditions of fetus or newborn
C0232970,Postmenopausal state,627,Menopausal and postmenopausal disorders
C0232970,Postmenopausal state,1010,Other tests
C0232970,Postmenopausal state,625,Pain and other symptoms associated with female genital organs
C0232970,Postmenopausal state,782,Symptoms involving skin and other integumentary tissue
C2936258,Peri-Implantitis,523,Gingival and periodontal diseases
C2936258,Peri-Implantitis,081,Infection/inflammation of internal prosthetic device; implant; and graft
C4302233,Obscure gastrointestinal hemorrhage,578,Gastrointestinal hemorrhage
C4302233,Obscure gastrointestinal hemorrhage,656,Other perinatal conditions of fetus or newborn
C5244027,Pneumonia caused by SARS-CoV-2,480,Pneumonia
C0001811,Aging,290,Delirium dementia and amnestic and other cognitive disorders
C0001811,Aging,259,Other endocrine disorders
C0730285,Macular edema due to diabetes mellitus,250,Diabetes mellitus
C1719950,Retinopathy due to type 2 diabetes mellitus,250,Diabetes mellitus
C1719950,Retinopathy due to type 2 diabetes mellitus,361,Retinal detachments and defects
C0399383,Submerging tooth,520,Disorders of tooth development
C0748164,Multiple Pulmonary Nodules,502,Postinflammatory pulmonary fibrosis
C0748164,Multiple Pulmonary Nodules,510,Other diseases of lung
C0032787,Postoperative Complications,1011,Complications of surgical and medical procedures
C0679408,Lesion of stomach,537,Other disorders of stomach and duodenum
C0276565,Low vision associated with AIDS,367,Disorders of refraction and accommodation; blindness and low vision
C0276565,Low vision associated with AIDS,071,Human immunodeficiency virus [HIV] disease
C4324721,Radiologically isolated syndrome,341,Other demyelinating diseases of central nervous system
C5200936,Delayed healing of wound,701,Other hypertrophic and atrophic conditions of skin
C5200936,Delayed healing of wound,1011,Complications of surgical and medical procedures
C5200936,Delayed healing of wound,1010,Other tests
C5200936,Delayed healing of wound,687,Symptoms affecting skin
C0598276,Caries of infancy associated with breastfeeding,521,Diseases of hard tissues of teeth
C0036983,Septic Shock,994,Sepsis and SIRS
C0036983,Septic Shock,038,Septicemia
C0086439,Hypokinesia,771,Musculoskeletal symptoms referable to limbs
C0086439,Hypokinesia,1019,Other ill-defined and unknown causes of morbidity and mortality
C0086439,Hypokinesia,292,Neurological disorders
C0086439,Hypokinesia,656,Other perinatal conditions of fetus or newborn
C0086439,Hypokinesia,350,Abnormal movement
C2973725,Pulmonary arterial hypertension,415,Pulmonary heart disease
C2973725,Pulmonary arterial hypertension,747,Cardiac and circulatory congenital anomalies
C0159852,Fracture of tibia and fibula,800,Fracture of lower limb
C0016436,Folliculitis,704,Diseases of hair and hair follicles
C0343363,Viral gastroenteritis due to Rotavirus,008,Intestinal infection
C0240059,Ventricular hemorrhage,430,Intracranial hemorrhage
C0240059,Ventricular hemorrhage,656,Other perinatal conditions of fetus or newborn
C1262477,Weight Loss,1002,"Symptoms concerning nutrition, metabolism, and development"
C1262477,Weight Loss,071,Human immunodeficiency virus [HIV] disease
C1262477,Weight Loss,277,Other disorders of metabolism
C1262477,Weight Loss,260,Protein-calorie malnutrition
C4511579,Peripheral spondyloarthritis,716,Other arthropathies
C4511579,Peripheral spondyloarthritis,713,Arthropathy associated with other disorders classified elsewhere
C4511579,Peripheral spondyloarthritis,715,Other inflammatory spondylopathies
C0010297,Creativity,292,Neurological disorders
C0399524,"Malocclusion, Angle Class II, Division 1",524,"Dentofacial anomalies, including malocclusion"
C0302592,Cervix carcinoma,071,Human immunodeficiency virus [HIV] disease
C0302592,Cervix carcinoma,180,Cervical cancer and dysplasia
C0302592,Cervix carcinoma,195,"Cancer, suspected or other"
C0018989,Hemiparesis,342,Hemiplegia
C0018989,Hemiparesis,344,Other paralytic syndromes
C0018989,Hemiparesis,433,Cerebrovascular disease
C0018989,Hemiparesis,350,Abnormal movement
C0039446,Telangiectasis,217,Vascular hamartomas and non-neoplastic nevi
C0399527,Reverse overjet,524,"Dentofacial anomalies, including malocclusion"
C2363771,Myopic Astigmatism,367,Disorders of refraction and accommodation; blindness and low vision
C0010356,Cross Infection,136,Other infectious and parasitic diseases
C1290325,Disorder of lower respiratory system,519,"Other diseases of respiratory system, not elsewhere classified"
C1290325,Disorder of lower respiratory system,656,Other perinatal conditions of fetus or newborn
C0334287,Fibrolamellar Hepatocellular Carcinoma,155,Cancer of liver and intrahepatic bile duct
C0729353,Subfertility,599,Other symptoms/disorders or the urinary system
C4721806,Skin Basal Cell Carcinoma,172,Skin cancer
C1112209,Abdominal Infection,136,Other infectious and parasitic diseases
C0474396,Sleep behavior finding,327,Sleep disorders
C0474396,Sleep behavior finding,513,Respiratory abnormalities
C0474396,Sleep behavior finding,1010,Other tests
C0235656,Lesion of cervix,619,Noninflammatory female genital disorders
C0235656,Lesion of cervix,180,Cervical cancer and dysplasia
C0524702,Pulmonary Thromboembolisms,415,Pulmonary heart disease
C0524702,Pulmonary Thromboembolisms,1010,Other tests
C0524702,Pulmonary Thromboembolisms,674,Other complications of the puerperium NEC
C1276061,Acute non-ST segment elevation myocardial infarction (disorder),411,Ischemic Heart Disease
C0005395,Bile Duct Diseases,575,Other biliary tract disease
C0520817,Physical disability,1010,Other tests
C1611184,Calcification of coronary artery,411,Ischemic Heart Disease
C1611184,Calcification of coronary artery,747,Cardiac and circulatory congenital anomalies
C0024437,Macular degeneration,362,Other retinal disorders
C0005416,Biliary Dyskinesia,575,Other biliary tract disease
C0238792,Bone lesion,275,Disorders of mineral metabolism
C0238792,Bone lesion,743,"Osteoporosis, osteopenia and pathological fracture"
C0238792,Bone lesion,594,Urinary calculus
C0238792,Bone lesion,270,Disorders of protein plasma/amino-acid transport and metabolism
C4708779,Macular edema due to type 2 diabetes mellitus,250,Diabetes mellitus
C1319315,Adenocarcinoma of large intestine,153,Colorectal cancer
C1302255,Toxicity due to chemotherapy,989,"Toxic effect of other substances, chiefly nonmedicinal as to source"
C3874921,Noncompliance with exercise regimen,1010,Other tests
C0740457,Malignant neoplasm of kidney,189,Cancer of urinary organs (incl. kidney and bladder)
C0151526,Premature Birth,636,Early or threatened labor; hemorrhage in early pregnancy
C0267792,Hepatobiliary Disorder,573,Other disorders of liver
C0267792,Hepatobiliary Disorder,575,Other biliary tract disease
C1304098,Incontinence-associated dermatitis,599,Other symptoms/disorders or the urinary system
C1304098,Incontinence-associated dermatitis,939,Atopic/contact dermatitis due to other or unspecified
C0494165,Metastatic malignant neoplasm to liver,195,"Cancer, suspected or other"
C0494165,Metastatic malignant neoplasm to liver,198,Secondary malignant neoplasm
C0494165,Metastatic malignant neoplasm to liver,172,Skin cancer
C1561619,Partial edentulism,525,Other diseases of the teeth and supporting structures
C0035328,Retinal Vein Occlusion,362,Other retinal disorders
C0574785,Lower Urinary Tract Symptoms,599,Other symptoms/disorders or the urinary system
C0574785,Lower Urinary Tract Symptoms,600,Hyperplasia of prostate
C0233613,Echopraxia,290,Delirium dementia and amnestic and other cognitive disorders
C0233613,Echopraxia,292,Neurological disorders
C0521542,Brain Stem Infarctions,433,Cerebrovascular disease
C0041956,Ureteral obstruction,586,Other disorders of the kidney and ureters
C0041956,Ureteral obstruction,595,Hydronephrosis
C0041956,Ureteral obstruction,751,Genitourinary congenital anomalies
C0041956,Ureteral obstruction,594,Urinary calculus
C0021846,Intestinal Polyps,208,Benign neoplasm of colon
C0021846,Intestinal Polyps,569,Other disorders of intestine
C0024638,Class II division 2 malocclusion,524,"Dentofacial anomalies, including malocclusion"
C1302363,Dysplasia of colon,208,Benign neoplasm of colon
C1302363,Dysplasia of colon,569,Other disorders of intestine
C1302363,Dysplasia of colon,556,Ulceration of the lower GI tract
C1302363,Dysplasia of colon,565,Anal and rectal conditions
C1302363,Dysplasia of colon,153,Colorectal cancer
C0031028,Periapical Diseases,522,Diseases of pulp and periapical tissues
C0031028,Periapical Diseases,701,Other hypertrophic and atrophic conditions of skin
C0031028,Periapical Diseases,523,Gingival and periodontal diseases
C1290889,Inflammatory disorder of the cardiovascular system,656,Other perinatal conditions of fetus or newborn
C1290889,Inflammatory disorder of the cardiovascular system,459,Other disorders of circulatory system
C3662070,Spasticity as sequela of stroke,350,Abnormal movement
C3662070,Spasticity as sequela of stroke,433,Cerebrovascular disease
C0267020,Traumatic ulcer of oral mucosa,528,"Diseases of the oral soft tissues, excluding lesions specific for gingiva and tongue"
C0221218,Fordyce's disease,750,Digestive congenital anomalies
C0221218,Fordyce's disease,528,"Diseases of the oral soft tissues, excluding lesions specific for gingiva and tongue"
C0221218,Fordyce's disease,705,Disorders of sweat glands
C0339471,Disorder of macula due to diabetes mellitus,250,Diabetes mellitus
C4045991,Perihilar Cholangiocarcinoma,155,Cancer of liver and intrahepatic bile duct
C4045991,Perihilar Cholangiocarcinoma,159,Malignant neoplasm of other and ill-defined sites within the digestive organs and peritoneum
C0086132,Depressive Symptoms,1004,Other signs and symptoms involving emotional state
C0086132,Depressive Symptoms,296,Mood disorders
C0007137,Squamous cell carcinoma,195,"Cancer, suspected or other"
C0553723,Squamous cell carcinoma of skin,172,Skin cancer
C0178573,Criminal behavior,1019,Other ill-defined and unknown causes of morbidity and mortality
C2609129,Autoimmune Pancreatitis,577,Diseases of pancreas
C0085298,Sudden Cardiac Death,427,Cardiac dysrhythmias
C0027809,Neurilemmoma,215,Other benign neoplasm of connective and other soft tissue
C0038536,Subcutaneous Emphysema,958,Certain early complications of trauma or procedure
C0038536,Subcutaneous Emphysema,656,Other perinatal conditions of fetus or newborn
C0038536,Subcutaneous Emphysema,508,Pulmonary collapse; interstitial and compensatory emphysema
C0238246,Hemangioma of liver,228,"Hemangioma and lymphangioma, any site"
C0026846,Muscular Atrophy,772,Symptoms of the muscles
C0149721,Left Ventricular Hypertrophy,401,Hypertension
C0149721,Left Ventricular Hypertrophy,416,Cardiomegaly
C4545430,Spontaneous intracranial hemorrhage,430,Intracranial hemorrhage
C4545430,Spontaneous intracranial hemorrhage,665,Obstetrical/birth trauma
C4545430,Spontaneous intracranial hemorrhage,348,Other conditions of brain
C4545430,Spontaneous intracranial hemorrhage,656,Other perinatal conditions of fetus or newborn
C3714756,Intellectual Disability,315,Develomental delays and disorders
C3714756,Intellectual Disability,1010,Other tests
C0149801,Sepsis due to urinary tract infection,657,Infections specific to the perinatal period
C0149801,Sepsis due to urinary tract infection,994,Sepsis and SIRS
C0149801,Sepsis due to urinary tract infection,038,Septicemia
C0149801,Sepsis due to urinary tract infection,591,Urinary tract infection
C3532942,Mixed Dementias,290,Delirium dementia and amnestic and other cognitive disorders
C0080233,Tooth Loss,525,Other diseases of the teeth and supporting structures
C0080233,Tooth Loss,521,Diseases of hard tissues of teeth
C0080233,Tooth Loss,520,Disorders of tooth development
C0234162,Cerebellar Dysmetria,350,Abnormal movement
C3697585,Erythroleukoplakia of internal part of mouth,528,"Diseases of the oral soft tissues, excluding lesions specific for gingiva and tongue"
C0023531,Leukoplakia,528,"Diseases of the oral soft tissues, excluding lesions specific for gingiva and tongue"
C0034885,Rectal Neoplasms,158,Neoplasm of unspecified nature of digestive system
C0264722,Chronic congestive heart failure,428,Congestive heart failure; nonhypertensive
C1336029,Solid pseudopapillary carcinoma of pancreas,157,Pancreatic cancer
C0585362,Squamous cell carcinoma of mouth,145,Cancer of mouth
C0038220,Status Epilepticus,345,"Epilepsy, recurrent seizures, convulsions"
C0521839,Influenza-like illness,079,Viral infection
C0038435,Stress,1010,Other tests
C0038435,Stress,304,Adjustment reaction
C0038435,Stress,300,"Anxiety, phobic and dissociative disorders"
C0038435,Stress,300,Anxiety disorders
C0149978,Adenocarcinoma of rectum,153,Colorectal cancer
C5546729,Intraoperative fluid overload,276,"Disorders of fluid, electrolyte, and acid-base balance"
C5546729,Intraoperative fluid overload,851,Complications of transplants and reattached limbs
C1321032,Post-accident distress,1005,Other symptoms
C1321032,Post-accident distress,1004,Other signs and symptoms involving emotional state
C1321032,Post-accident distress,958,Certain early complications of trauma or procedure
C0278056,Abnormal pregnancy,646,Other complications of pregnancy NEC
C0024441,Macular Holes,362,Other retinal disorders
C0004941,Behavioral Symptoms,1019,Other ill-defined and unknown causes of morbidity and mortality
C0004941,Behavioral Symptoms,290,Delirium dementia and amnestic and other cognitive disorders
C0004941,Behavioral Symptoms,335,Multiple sclerosis
C0004941,Behavioral Symptoms,333,Extrapyramidal disease and abnormal movement disorders
C0349530,Early gastric cancer,151,Cancer of stomach
C0155502,Benign Paroxysmal Positional Vertigo,386,Vertiginous syndromes and other disorders of vestibular system
C0023523,Oral leukoedema,528,"Diseases of the oral soft tissues, excluding lesions specific for gingiva and tongue"
C0235782,Gallbladder Carcinoma,159,Malignant neoplasm of other and ill-defined sites within the digestive organs and peritoneum
C0235782,Gallbladder Carcinoma,195,"Cancer, suspected or other"
C0014068,Encephalomalacia,348,Other conditions of brain
C0014068,Encephalomalacia,261,Vitamin deficiency
C0014068,Encephalomalacia,349,Other and unspecified disorders of the nervous system
C1290864,Disorder of abdomen,561,Symptoms involving digestive system
C0339543,Epiretinal Membrane,362,Other retinal disorders
C0221571,Nervous system problem,781,Symptoms involving nervous and musculoskeletal systems
C0034069,Pulmonary Fibrosis,502,Postinflammatory pulmonary fibrosis
C0395797,"Ear, nose and throat disorder",388,Other disorders of ear
C0395797,"Ear, nose and throat disorder",479,Other upper respiratory disease
C0038525,Subarachnoid Hemorrhage,656,Other perinatal conditions of fetus or newborn
C0038525,Subarachnoid Hemorrhage,430,Intracranial hemorrhage
C0017411,Female Genital Diseases,619,Noninflammatory female genital disorders
C1532253,Sedentary lifestyle,1010,Other tests
C0032320,Pneumoperitoneum,568,Other disorders of peritoneum
C0032320,Pneumoperitoneum,656,Other perinatal conditions of fetus or newborn
C0020456,Hyperglycemia,250,Diabetes mellitus
C0009376,Colonic Polyps,208,Benign neoplasm of colon
C0012242,Digestive System Disorders,569,Other disorders of intestine
C0035204,Respiration Disorders,519,"Other diseases of respiratory system, not elsewhere classified"
C0027092,Myopia,367,Disorders of refraction and accommodation; blindness and low vision
C0242379,Malignant neoplasm of lung,165,Cancer within the respiratory system
C0011860,"Diabetes Mellitus, Non-Insulin-Dependent",250,Diabetes mellitus
C0876926,Traumatic Brain Injury,819,Skull and face fracture and other intercranial injury
C0011615,"Dermatitis, Atopic",939,Atopic/contact dermatitis due to other or unspecified
C0018801,Heart failure,428,Congestive heart failure; nonhypertensive
C0017154,"Gastritis, Atrophic",535,Gastritis and duodenitis
C0006142,Malignant neoplasm of breast,174,Breast cancer
C1956346,Coronary Artery Disease,411,Ischemic Heart Disease
C0400966,Non-alcoholic Fatty Liver Disease,571,Chronic liver disease and cirrhosis
C0007682,CNS disorder,349,Other and unspecified disorders of the nervous system
C0524528,Pervasive Development Disorder,313,Pervasive developmental disorders
C0024636,Malocclusion,524,"Dentofacial anomalies, including malocclusion"
C0027651,Neoplasms,195,"Cancer, suspected or other"
C0016658,Fracture,1009,"Injury, NOS"
C0019693,HIV Infections,071,Human immunodeficiency virus [HIV] disease
C0149871,Deep Vein Thrombosis,452,Other venous embolism and thrombosis
C0348393,Malignant tumor of lymphoid hemopoietic and related tissue,202,"Cancer of other lymphoid, histiocytic tissue"
C0022578,Keratoconus,364,Corneal opacity and other disorders of cornea
C0878544,Cardiomyopathies,425,Cardiomyopathy
C0878544,Cardiomyopathies,414,Other forms of chronic heart disease
C0023487,Acute Promyelocytic Leukemia,204,Leukemia
C0152021,Congenital heart disease,747,Cardiac and circulatory congenital anomalies
C0010054,Coronary Arteriosclerosis,411,Ischemic Heart Disease
C0010054,Coronary Arteriosclerosis,573,Other disorders of liver
C1135191,"Heart Failure, Systolic",428,Congestive heart failure; nonhypertensive
C0020542,Pulmonary Hypertension,415,Pulmonary heart disease
C0235522,Disorder of vein,459,Other disorders of circulatory system
C0235522,Disorder of vein,456,Chronic venous insufficiency [CVI]
C0376358,Malignant neoplasm of prostate,185,Cancer of prostate
C0004936,Mental disorders,300,"Anxiety, phobic and dissociative disorders"
C0004936,Mental disorders,300,Anxiety disorders
C0011847,Diabetes,250,Diabetes mellitus
C0019557,Hip Fractures,800,Fracture of lower limb
C0015397,Disorder of eye,379,Other disorders of eye
C0015397,Disorder of eye,360,Disorders of the globe
C0011854,"Diabetes Mellitus, Insulin-Dependent",250,Diabetes mellitus
C0011334,Dental caries,521,Diseases of hard tissues of teeth
C0036690,Septicemia,994,Sepsis and SIRS
C0036690,Septicemia,038,Septicemia
C0347625,Contusion of lung,1008,Crushing or internal injury to organs
C0409959,"Osteoarthritis, Knee",740,Osteoarthrosis
C0030567,Parkinson Disease,332,Parkinson's disease
C0020538,Hypertensive disease,401,Hypertension
C0023890,Liver Cirrhosis,571,Chronic liver disease and cirrhosis
C0003469,Anxiety Disorders,300,"Anxiety, phobic and dissociative disorders"
C0003469,Anxiety Disorders,300,Anxiety disorders
C0155626,Acute myocardial infarction,411,Ischemic Heart Disease
C0011053,Deafness,389,Hearing loss
C0011581,Depressive disorder,300,"Anxiety, phobic and dissociative disorders"
C0011581,Depressive disorder,300,Anxiety disorders
C1269683,Major Depressive Disorder,296,Mood disorders
C0029408,Degenerative polyarthritis,740,Osteoarthrosis
C0015806,Femoral Neck Fractures,800,Fracture of lower limb
C0041327,"Tuberculosis, Pulmonary",010,Tuberculosis
C0024115,Lung diseases,510,Other diseases of lung
C0008325,Cholecystitis,574,Cholelithiasis and cholecystitis
C0031090,Periodontal Diseases,523,Gingival and periodontal diseases
C0332679,Crushing injury,1009,"Injury, NOS"
C0086543,Cataract,366,Cataract
C0149931,Migraine Disorders,340,Migraine
C0151779,Cutaneous Melanoma,172,Skin cancer
C0162316,Iron deficiency anemia,280,Iron deficiency anemias
C0030201,Postoperative Pain,338,Pain
C0018889,Helminthiasis,134,Helminthiases
C0006826,Malignant Neoplasms,195,"Cancer, suspected or other"
C0007115,Malignant neoplasm of thyroid,193,Thyroid cancer
C0022660,"Kidney Failure, Acute",585,Renal failure
C0011206,Delirium,292,Neurological disorders
C0031099,Periodontitis,523,Gingival and periodontal diseases
C0153381,Malignant neoplasm of mouth,145,Cancer of mouth
C0038454,Cerebrovascular accident,433,Cerebrovascular disease
C2004456,Macronodular cirrhosis,571,Chronic liver disease and cirrhosis
C0027051,Myocardial Infarction,411,Ischemic Heart Disease
C0032310,"Pneumonia, Viral",480,Pneumonia
C4554531,Pressure injury,707,Chronic ulcer of skin
C1561643,Chronic Kidney Diseases,585,Renal failure
C0003467,Anxiety,300,"Anxiety, phobic and dissociative disorders"
C0003467,Anxiety,300,Anxiety disorders
C0003873,Rheumatoid Arthritis,714,Rheumatoid arthritis and other inflammatory polyarthropathies
C0013395,Dyspepsia,785,Abdominal pain
C0013395,Dyspepsia,536,Disorders of function of stomach
C0242383,Age related macular degeneration,362,Other retinal disorders
C0018674,Craniocerebral Trauma,1009,"Injury, NOS"
C0008031,Chest Pain,418,Nonspecific chest pain
C0362046,Prediabetes syndrome,271,Disorders of carbohydrate transport and metabolism
C0007789,Cerebral Palsy,343,Infantile cerebral palsy
C2239176,Liver carcinoma,155,Cancer of liver and intrahepatic bile duct
C0271084,Exudative age-related macular degeneration,362,Other retinal disorders
C0016053,Fibromyalgia,770,Myalgia and myositis unspecified
C0021843,Intestinal Obstruction,560,Intestinal obstruction without mention of hernia
C2004345,phonological developmental disorder,315,Develomental delays and disorders
C0837018,Type 1 diabetes mellitus with hypoglycemia,250,Diabetes mellitus
C0036341,Schizophrenia,295,Schizophrenia and other psychotic disorders
C0007820,Cerebrovascular Disorders,433,Cerebrovascular disease
C0004623,Bacterial Infections,041,Bacterial infection NOS
C0032326,Pneumothorax,506,Empyema and pneumothorax
C0264490,Acute respiratory failure,509,"Respiratory failure, insufficiency, arrest"
C0032961,Pregnancy,1010,Other tests
C0032961,Pregnancy,656,Other perinatal conditions of fetus or newborn
C2350019,Solitary Pulmonary Nodule,514,Abnormal findings examination of lungs
C0005684,Malignant neoplasm of urinary bladder,189,Cancer of urinary organs (incl. kidney and bladder)
C0159020,Convulsions in the newborn,656,Other perinatal conditions of fetus or newborn
C0017601,Glaucoma,365,Glaucoma
C0030286,Pancreatic Diseases,577,Diseases of pancreas
C0043144,Wheezing,512,Other symptoms of respiratory system
C0346156,Benign neoplasm of breast,610,Benign mammary dysplasias
C0017574,Gingivitis,523,Gingival and periodontal diseases
C0007847,Malignant tumor of cervix,180,Cervical cancer and dysplasia
C1263846,Attention deficit hyperactivity disorder,313,Pervasive developmental disorders
C4268640,Mixed irritable bowel syndrome,564,Functional digestive disorders
C0036974,Shock,797,Shock
C1404117,"transplant; failure, kidney",587,Kidney replaced by transpant
C1404117,"transplant; failure, kidney",851,Complications of transplants and reattached limbs
C0080178,Spina Bifida,752,Nervous system congenital anomalies
C0028754,Obesity,278,"Overweight, obesity and other hyperalimentation"
C0011570,Mental Depression,296,Mood disorders
C0026769,Multiple Sclerosis,335,Multiple sclerosis
C0264492,Chronic respiratory failure,509,"Respiratory failure, insufficiency, arrest"
C0024117,Chronic Obstructive Airway Disease,496,Chronic airway obstruction
C0018939,Hematological Disease,289,Other diseases of blood and blood-forming organs
C0022783,Vulvar Lichen Sclerosus,624,Symptoms involving female genital tract
C0020473,Hyperlipidemia,272,Disorders of lipoid metabolism
C0009324,Ulcerative Colitis,555,Inflammatory bowel disease and other gastroenteritis and colitis
C0026691,Mucocutaneous Lymph Node Syndrome,446,Polyarteritis nodosa and allied conditions
C0026764,Multiple Myeloma,204,Leukemia
C0013238,Dry Eye Syndromes,375,Disorders of lacrimal system
C0220650,Metastatic malignant neoplasm to brain,198,Secondary malignant neoplasm
C0013456,Earache,382,Otalgia
C0018799,Heart Diseases,414,Other forms of chronic heart disease
C0040264,Tinnitus,389,Hearing loss
C0018784,Sensorineural Hearing Loss (disorder),389,Hearing loss
C0156353,Uterovaginal prolapse,618,Genital prolapse
C0014130,Endocrine System Diseases,259,Other endocrine disorders
C0024623,Malignant neoplasm of stomach,151,Cancer of stomach
C0007859,Neck Pain,761,Cervicalgia
C0221244,Seborrheic dermatitis of scalp,690,Erythematosquamous dermatosis
C0007102,Malignant tumor of colon,153,Colorectal cancer
C0023418,leukemia,204,Leukemia
C1145670,Respiratory Failure,509,"Respiratory failure, insufficiency, arrest"
C0037769,West Syndrome,345,"Epilepsy, recurrent seizures, convulsions"
C0020550,Hyperthyroidism,242,Thyrotoxicosis with or without goiter
C0011265,Presenile dementia,290,Delirium dementia and amnestic and other cognitive disorders
C0040997,Trigeminal Neuralgia,352,Disorders of other cranial nerves
C0848558,Hypospadias,751,Genitourinary congenital anomalies
C0023903,Liver neoplasms,155,Cancer of liver and intrahepatic bile duct
C0206677,Adenomatous Polyps,221,Benign neoplasm of other female genital organs
C0399523,Class I malocclusion,524,"Dentofacial anomalies, including malocclusion"
C0017665,Membranous glomerulonephritis,580,Nephritis; nephrosis; renal sclerosis
C1535926,Neurodevelopmental Disorders,315,Develomental delays and disorders
C0006267,Bronchiectasis,496,Chronic airway obstruction
C0004604,Back Pain,760,Back pain
C0152451,Chronic glomerulonephritis,580,Nephritis; nephrosis; renal sclerosis
C0267725,Paraesophageal hernia,550,Abdominal hernia
C0034065,Pulmonary Embolism,415,Pulmonary heart disease
C1140680,Malignant neoplasm of ovary,184,Cancer of other female genital organs
C1270972,Mild cognitive disorder,292,Neurological disorders
C0013404,Dyspnea,512,Other symptoms of respiratory system
C0155778,Varicose veins of lower extremity,454,Varicose veins
C0338908,Mixed anxiety and depressive disorder,300,"Anxiety, phobic and dissociative disorders"
C0338908,Mixed anxiety and depressive disorder,300,Anxiety disorders
C0010346,Crohn Disease,555,Inflammatory bowel disease and other gastroenteritis and colitis
C0002395,Alzheimer's Disease,290,Delirium dementia and amnestic and other cognitive disorders
C0000768,Congenital Abnormality,759,Other and unspecified congenital anomalies
C0271429,Acute otitis media,381,Otitis media and Eustachian tube disorders
C0403447,Chronic Kidney Insufficiency,585,Renal failure
C0003864,Arthritis,740,Osteoarthrosis
C0000737,Abdominal Pain,785,Abdominal pain
C0401146,Functional constipation,560,Intestinal obstruction without mention of hernia
C0029888,Suppurative otitis media,381,Otitis media and Eustachian tube disorders
C0035220,"Respiratory Distress Syndrome, Newborn",661,Fetal distress and abnormal forces of labor
C0035220,"Respiratory Distress Syndrome, Newborn",656,Other perinatal conditions of fetus or newborn
C0153633,Malignant neoplasm of brain,191,Manlignant and unknown neoplasms of brain and nervous system
C0037316,Sleep Deprivation,1010,Other tests
C0026896,Myasthenia Gravis,358,Myoneural disorders
C0006111,Brain Diseases,348,Other conditions of brain
C0002871,Anemia,285,Other anemias
C0917801,Sleeplessness,327,Sleep disorders
C0017181,Gastrointestinal Hemorrhage,578,Gastrointestinal hemorrhage
C0264408,Childhood asthma,495,Asthma
C0032227,Pleural effusion (disorder),507,Pleurisy; pleural effusion
C0520679,"Sleep Apnea, Obstructive",327,Sleep disorders
C0040128,Thyroid Diseases,246,Other disorders of thyroid
C0018808,Heart murmur,396,Abnormal heart sounds
C0085207,Gestational Diabetes,649,"Other conditions or status of the mother complicating pregnancy, childbirth, or the puerperium"
C0022104,Irritable Bowel Syndrome,564,Functional digestive disorders
C0018099,Gout,274,Gout and other crystal arthropathies
C0160405,Injury of spleen,1008,Crushing or internal injury to organs
C0685938,Malignant neoplasm of gastrointestinal tract,159,Malignant neoplasm of other and ill-defined sites within the digestive organs and peritoneum
C0032273,Pneumoconiosis,500,Lung disease due to external agents
C0003811,Cardiac Arrhythmia,427,Cardiac dysrhythmias
C0525045,Mood Disorders,296,Mood disorders
C0040335,Encounter due to tobacco use,1010,Other tests
C0270327,Bedwetting,599,Other symptoms/disorders or the urinary system
C3161235,CLABSI - central line associated bloodstream infection,1011,Complications of surgical and medical procedures
C4237238,"Opioid use disorder, moderate",316,Substance addiction and disorders
C0035309,Retinal Diseases,362,Other retinal disorders
C0686619,Lymph Node Metastasis,198,Secondary malignant neoplasm
C0023467,"Leukemia, Myelocytic, Acute",204,Leukemia
C0002962,Angina Pectoris,411,Ischemic Heart Disease
C1135196,"Heart Failure, Diastolic",428,Congestive heart failure; nonhypertensive
C3839346,Heart failure with reduced ejection fraction,428,Congestive heart failure; nonhypertensive
C0003850,Arteriosclerosis,440,Atherosclerosis
C0158646,Cleft palate with cleft lip,749,Congenital anomalies of face and neck
C0003123,Anorexia,260,Protein-calorie malnutrition
C0008350,Cholelithiasis,574,Cholelithiasis and cholecystitis
C0036330,Schistosomiasis mansoni,134,Helminthiases
C0018681,Headache,339,Other headache syndromes
C1253936,Hydrarthrosis,741,Symptoms and disorders of the joints
C0030305,Pancreatitis,577,Diseases of pancreas
C0018790,Cardiac Arrest,427,Cardiac dysrhythmias
C0023051,Laryngeal Diseases,473,Diseases of the larynx and vocal cords
C0029456,Osteoporosis,743,"Osteoporosis, osteopenia and pathological fracture"
C0238198,Gastrointestinal Stromal Tumors,170,Cancer of bone and connective tissue
C0239946,"Fibrosis, Liver",571,Chronic liver disease and cirrhosis
C0028840,Ocular Hypertension,365,Glaucoma
C0034642,Rales,429,Ill-defined descriptions and complications of heart disease
C0042029,Urinary tract infection,591,Urinary tract infection
C0345905,Intrahepatic Cholangiocarcinoma,155,Cancer of liver and intrahepatic bile duct
C0023212,Left-Sided Heart Failure,428,Congestive heart failure; nonhypertensive
C0029882,Otitis Media,381,Otitis media and Eustachian tube disorders
C0206062,"Lung Diseases, Interstitial",504,Other alveolar and parietoalveolar pneumonopathy
C0042024,Urinary Incontinence,599,Other symptoms/disorders or the urinary system
C2364016,Systemic sclerosis [scleroderma],709,Diffuse diseases of connective tissue
C0020621,Hypokalemia,276,"Disorders of fluid, electrolyte, and acid-base balance"
C0015672,Fatigue,798,Malaise and fatigue
C0026654,Moyamoya Disease,433,Cerebrovascular disease
C0149521,"Pancreatitis, Chronic",577,Diseases of pancreas
C0266449,Congenital anomaly of brain,752,Nervous system congenital anomalies
C0010034,Corneal Diseases,364,Corneal opacity and other disorders of cornea
C0152169,Renal Colic,594,Urinary calculus
C0011269,"Dementia, Vascular",290,Delirium dementia and amnestic and other cognitive disorders
C0152177,Trigeminal Nerve Disorder,352,Disorders of other cranial nerves
C0018378,Guillain-Barre Syndrome,357,Inflammatory and toxic neuropathy
C0035222,"Respiratory Distress Syndrome, Adult",509,"Respiratory failure, insufficiency, arrest"
C0022408,Arthropathy,716,Other arthropathies
C0022408,Arthropathy,741,Symptoms and disorders of the joints
C0022408,Arthropathy,740,Osteoarthrosis
C1955811,Dental implant failure NOS,525,Other diseases of the teeth and supporting structures
C2882263,cardiac arrest due to underlying cardiac condition,427,Cardiac dysrhythmias
C1719523,Endodontic underfill,526,Diseases of the jaws
C0022806,Kwashiorkor,260,Protein-calorie malnutrition
C1704272,Benign Prostatic Hyperplasia,600,Hyperplasia of prostate
C0039231,Tachycardia,427,Cardiac dysrhythmias
C0023532,"Leukoplakia, Oral",528,"Diseases of the oral soft tissues, excluding lesions specific for gingiva and tongue"
C0041912,Upper Respiratory Infections,465,Acute upper respiratory infections of multiple or unspecified sites
C0085639,Falls,781,Symptoms involving nervous and musculoskeletal systems
C0085639,Falls,1015,Effects of other external causes
C0025222,Melena,578,Gastrointestinal hemorrhage
C0022661,"Kidney Failure, Chronic",585,Renal failure
C0232255,Innocent Murmurs,396,Abnormal heart sounds
C0348898,Irritable bowel syndrome with diarrhea,564,Functional digestive disorders
C0273115,Lung Injury,1008,Crushing or internal injury to organs
C0018798,Congenital Heart Defects,747,Cardiac and circulatory congenital anomalies
C4237239,"Opioid use disorder, severe",316,Substance addiction and disorders
C0264886,Conduction disorder of the heart,426,Cardiac conduction disorders
C0037315,Sleep Apnea Syndromes,327,Sleep disorders
C0010200,Coughing,512,Other symptoms of respiratory system
C0000921,Accidental Falls,1015,Effects of other external causes
C0042571,Vertigo,386,Vertiginous syndromes and other disorders of vestibular system
C0017168,Gastroesophageal reflux disease,530,Diseases of esophagus
C0016034,Breast Fibrocystic Disease,610,Benign mammary dysplasias
C0020255,Hydrocephalus,331,Other cerebral degenerations
C0004144,Atelectasis,508,Pulmonary collapse; interstitial and compensatory emphysema
C0022658,Kidney Diseases,580,Nephritis; nephrosis; renal sclerosis
C0022658,Kidney Diseases,586,Other disorders of the kidney and ureters
C0035078,Kidney Failure,585,Renal failure
C2921627,Clinically isolated syndrome,341,Other demyelinating diseases of central nervous system
C0017921,Glycogen storage disease type II,271,Disorders of carbohydrate transport and metabolism
C0085669,Acute leukemia,204,Leukemia
C0079924,Oligohydramnios,653,Problems associated with amniotic cavity and membranes
C0036439,"Scoliosis, unspecified",737,Curvature of spine
C0029883,Otitis Media with Effusion,381,Otitis media and Eustachian tube disorders
C0030283,Pancreatic Cyst,577,Diseases of pancreas
C0018572,"Hand, Foot and Mouth Disease",079,Viral infection
C0024299,Lymphoma,202,"Cancer of other lymphoid, histiocytic tissue"
C0085220,Cerebral Amyloid Angiopathy,433,Cerebrovascular disease
C0015469,Facial paralysis,352,Disorders of other cranial nerves
C0007868,Cervical dysplasia,180,Cervical cancer and dysplasia
C1719522,Endodontic overfill,526,Diseases of the jaws
C0428977,Bradycardia,427,Cardiac dysrhythmias
C0155870,Pneumonia and influenza,481,Influenza
C0009806,Constipation,563,Constipation
C0029121,Oppositional Defiant Disorder,312,Conduct disorders
C0021831,Intestinal Diseases,569,Other disorders of intestine
C4268639,irritable bowel syndrome with constipation,564,Functional digestive disorders
C0042594,Vestibular Diseases,386,Vertiginous syndromes and other disorders of vestibular system
C2960127,Heart failure with normal ejection fraction,428,Congestive heart failure; nonhypertensive
C0011168,Deglutition Disorders,532,Dysphagia
C0007785,Cerebral Infarction,433,Cerebrovascular disease
C0476254,Dyslexia,315,Develomental delays and disorders
C0020224,Polyhydramnios,653,Problems associated with amniotic cavity and membranes
C0003615,Appendicitis,540,Appendiceal conditions
C0023895,Liver diseases,573,Other disorders of liver
C0399526,Class III malocclusion,524,"Dentofacial anomalies, including malocclusion"
C0031030,Periapical Periodontitis,523,Gingival and periodontal diseases
C0033036,Atrial Premature Complexes,427,Cardiac dysrhythmias
C0011991,Diarrhea,561,Symptoms involving digestive system
C0497406,Overweight,278,"Overweight, obesity and other hyperalimentation"
C0004095,Asthenopia,368,Visual disturbances
C0018800,Cardiomegaly,416,Cardiomegaly
C0026635,Mouth Breathing,293,Symptoms involving head and neck
C0006114,Cerebral Edema,348,Other conditions of brain
C0399532,Midline deviation of dental arch,524,"Dentofacial anomalies, including malocclusion"
C0264556,Acute pneumothorax,506,Empyema and pneumothorax
C0154778,"Myopia, Degenerative",360,Disorders of the globe
C0017614,"Glaucoma, Suspect",365,Glaucoma
C0018802,Congestive heart failure,428,Congestive heart failure; nonhypertensive
C0151636,Premature ventricular contractions,427,Cardiac dysrhythmias
C0029410,Osteoarthritis of hip,740,Osteoarthrosis
C0270611,Brain Injuries,819,Skull and face fracture and other intercranial injury
C0009676,Confusion,292,Neurological disorders
C0009460,Communication impairment,315,Develomental delays and disorders
C0041952,Ureterolithiasis,594,Urinary calculus
C0206061,"Pneumonia, Interstitial",504,Other alveolar and parietoalveolar pneumonopathy
C0034063,Pulmonary Edema,503,Pulmonary congestion and hypostasis
C0264523,Pulmonary ossification,510,Other diseases of lung
C0039070,Syncope,788,Syncope and collapse
C1701940,"Pneumonia, Ventilator-Associated",519,"Other diseases of respiratory system, not elsewhere classified"
C0025289,Meningitis,320,Meningitis
C0007193,"Cardiomyopathy, Dilated",425,Cardiomyopathy
